model,rmse,mae,pearson_r
SAM ViT-B,0.20591045916080475,0.166456401348114,0.66069955
Random ViT-B,0.24365241825580597,0.20264993607997894,0.45135385
